{
  "source_file": "handoff/IMG_3374.csv",
  "num_frames": 289,
  "fps_assumed": 30,
  "duration_sec": 9.633333333333333,
  "predicted_punch_type": "hook",
  "peak_velocity": 0.25207031866969665,
  "peak_frame": 154,
  "displacement": {
    "dx": -0.051840308122336864,
    "dy": -0.09822584502398968,
    "dz": 0.009270310401916393
  }
}