{
  "source_file": "handoff/IMG_3341.csv",
  "num_frames": 275,
  "fps_assumed": 30,
  "duration_sec": 9.166666666666666,
  "predicted_punch_type": "hook",
  "peak_velocity": 0.3848060423703638,
  "peak_frame": 33,
  "displacement": {
    "dx": -0.01902185147628188,
    "dy": -0.05252705328166485,
    "dz": -0.02871406078338623
  }
}