{
  "source_file": "handoff/IMG_3344.csv",
  "num_frames": 211,
  "fps_assumed": 30,
  "duration_sec": 7.033333333333333,
  "predicted_punch_type": "hook",
  "peak_velocity": 0.37967373493036205,
  "peak_frame": 14,
  "displacement": {
    "dx": -0.08447944885119796,
    "dy": -0.0945773422718048,
    "dz": -0.039950668811798096
  }
}