{
  "source_file": "handoff/IMG_3328.csv",
  "num_frames": 443,
  "fps_assumed": 30,
  "duration_sec": 14.766666666666666,
  "predicted_punch_type": "jab",
  "peak_velocity": 0.2824226357328403,
  "peak_frame": 105,
  "displacement": {
    "dx": -0.035555385053157806,
    "dy": -0.001173902302980423,
    "dz": 0.0250929594039917
  }
}